gameName, reviewDate, ratingNumber
'Pokemon Red & Blue', 19990623, 10.0
'Pokemon Yellow', 19991020, 10.0
'Pokemon Gold & Silver', 20000117, 10.0
'Pokemon Crystal', 20010730, 9.0
'Pokemon Ruby & Sapphire', 20030317, 9.5
'Pokemon Emerald', 20050503, 8.0
'Pokemon FireRed & LeafGreen', 20060909, 9.0
'Pokemon Diamond & Pearl', 20070420, 8.5
'Pokémon Platinum', 20090322, 8.8
'Pokémon HeartGold & SoulSilver', 20100313, 8.5
'Pokémon Black & White', 20110305, 9.0
'Pokémon Black 2 & White 2', 20121004, 9.6
'Pokémon X & Y', 20131004, 9.0
'Pokémon Omega Ruby & Alpha Sapphire', 20141118, 7.8
'Pokémon Sun & Moon', NULL, 9.0
'Pokémon Ultra Sun & Moon', 21071114, 9.0
'Pokémon Lets Go', 20181113, 8.3
'Pokémon Sword & Shield', 20200623, 7.0
'Pokémon Legends: Arceus', 20220127, 7.0
'Pokémon Scarlet & Violet', 20221123, 6.0